Workbook

Sheet Reactivos
A1: ID | B1: Dimension | C1: Grupo | D1: Subdimension | E1: Tipo de reactivo | F1: Valor min crudo | G1: Valor max crudo | H1: Direccion | I1: Respuesta cruda (ejemplo, editable) | J1: Valor transformado | K1: Valor normalizado (0-1) | L1: Par espejo relacionado | M1: Aplica regla de inconsistencia | N1: Peso de la dimension (parametrizable) | O1: Peso del reactivo en su dimension | P1: Contribucion maxima al indice general | Q1: Contribucion actual (con respuesta de ejemplo)
A2: R001 | B2: Robo | C2: =INDEX(Pesos_Dimensiones!$B$2:$B$22,MATCH(B2,Pesos_Dimensiones!$A$2:$A$22,0)) | D2: Opinión/Actitud — indicador 1 (Apropiación de bienes materiales ajenos (dinero, mercancía, insumos).) | E2: 1-Opinión/Actitud | F2: 0 | G2: 4 | H2: Directo | I2: 0 | J2: =IF(H2="Inverso",G2-I2,I2) | K2: =IFERROR(J2/G2,0) | L2: R002 | M2: Si | N2: =INDEX(Pesos_Dimensiones!$C$2:$C$22,MATCH(B2,Pesos_Dimensiones!$A$2:$A$22,0)) | O2: =1/COUNTIF($B$2:$B$211,B2) | P2: =IF(OR(C2="Base",C2="Adicional"),N2*O2,0) | Q2: =K2*P2
A3: R002 | B3: Robo | C3: =INDEX(Pesos_Dimensiones!$B$2:$B$22,MATCH(B3,Pesos_Dimensiones!$A$2:$A$22,0)) | D3: Intención futura — indicador 1 (Apropiación de bienes materiales ajenos (dinero, mercancía, insumos).) | E3: 6-Intención futura | F3: 0 | G3: 4 | H3: Inverso | I3: 0 | J3: =IF(H3="Inverso",G3-I3,I3) | K3: =IFERROR(J3/G3,0) | L3: R001 | M3: Si | N3: =INDEX(Pesos_Dimensiones!$C$2:$C$22,MATCH(B3,Pesos_Dimensiones!$A$2:$A$22,0)) | O3: =1/COUNTIF($B$2:$B$211,B3) | P3: =IF(OR(C3="Base",C3="Adicional"),N3*O3,0) | Q3: =K3*P3
A4: R003 | B4: Robo | C4: =INDEX(Pesos_Dimensiones!$B$2:$B$22,MATCH(B4,Pesos_Dimensiones!$A$2:$A$22,0)) | D4: Involucramiento pasado — indicador 2 (Uso no autorizado de información confidencial o propiedad intelectual …) | E4: 3-Involucramiento pasado | F4: 0 | G4: 4 | H4: Directo | I4: 0 | J4: =IF(H4="Inverso",G4-I4,I4) | K4: =IFERROR(J4/G4,0) | L4: R004 | M4: Si | N4: =INDEX(Pesos_Dimensiones!$C$2:$C$22,MATCH(B4,Pesos_Dimensiones!$A$2:$A$22,0)) | O4: =1/COUNTIF($B$2:$B$211,B4) | P4: =IF(OR(C4="Base",C4="Adicional"),N4*O4,0) | Q4: =K4*P4
A5: R004 | B5: Robo | C5: =INDEX(Pesos_Dimensiones!$B$2:$B$22,MATCH(B5,Pesos_Dimensiones!$A$2:$A$22,0)) | D5: Escenario/dilema — indicador 2 (Uso no autorizado de información confidencial o propiedad intelectual …) | E5: 4-Escenario/dilema | F5: 0 | G5: 3 | H5: Directo | I5: 0 | J5: =IF(H5="Inverso",G5-I5,I5) | K5: =IFERROR(J5/G5,0) | L5: R003 | M5: Si | N5: =INDEX(Pesos_Dimensiones!$C$2:$C$22,MATCH(B5,Pesos_Dimensiones!$A$2:$A$22,0)) | O5: =1/COUNTIF($B$2:$B$211,B5) | P5: =IF(OR(C5="Base",C5="Adicional"),N5*O5,0) | Q5: =K5*P5
A6: R005 | B6: Robo | C6: =INDEX(Pesos_Dimensiones!$B$2:$B$22,MATCH(B6,Pesos_Dimensiones!$A$2:$A$22,0)) | D6: Percepción de terceros — indicador 3 (Sustracción de tiempo laboral remunerado (reportar horas no trabajadas…) | E6: 2-Percepción de terceros | F6: 0 | G6: 3 | H6: Directo | I6: 0 | J6: =IF(H6="Inverso",G6-I6,I6) | K6: =IFERROR(J6/G6,0) | L6: R006 | M6: Si | N6: =INDEX(Pesos_Dimensiones!$C$2:$C$22,MATCH(B6,Pesos_Dimensiones!$A$2:$A$22,0)) | O6: =1/COUNTIF($B$2:$B$211,B6) | P6: =IF(OR(C6="Base",C6="Adicional"),N6*O6,0) | Q6: =K6*P6
A7: R006 | B7: Robo | C7: =INDEX(Pesos_Dimensiones!$B$2:$B$22,MATCH(B7,Pesos_Dimensiones!$A$2:$A$22,0)) | D7: Opinión/Actitud — indicador 3 (Sustracción de tiempo laboral remunerado (reportar horas no trabajadas…) | E7: 1-Opinión/Actitud | F7: 0 | G7: 4 | H7: Directo | I7: 0 | J7: =IF(H7="Inverso",G7-I7,I7) | K7: =IFERROR(J7/G7,0) | L7: R005 | M7: Si | N7: =INDEX(Pesos_Dimensiones!$C$2:$C$22,MATCH(B7,Pesos_Dimensiones!$A$2:$A$22,0)) | O7: =1/COUNTIF($B$2:$B$211,B7) | P7: =IF(OR(C7="Base",C7="Adicional"),N7*O7,0) | Q7: =K7*P7
A8: R007 | B8: Robo | C8: =INDEX(Pesos_Dimensiones!$B$2:$B$22,MATCH(B8,Pesos_Dimensiones!$A$2:$A$22,0)) | D8: Involucramiento pasado — indicador 4 (Racionalización de la sustracción como "no es robo real" cuando el dañ…) | E8: 3-Involucramiento pasado | F8: 0 | G8: 4 | H8: Directo | I8: 0 | J8: =IF(H8="Inverso",G8-I8,I8) | K8: =IFERROR(J8/G8,0) | L8: R008 | M8: Si | N8: =INDEX(Pesos_Dimensiones!$C$2:$C$22,MATCH(B8,Pesos_Dimensiones!$A$2:$A$22,0)) | O8: =1/COUNTIF($B$2:$B$211,B8) | P8: =IF(OR(C8="Base",C8="Adicional"),N8*O8,0) | Q8: =K8*P8
A9: R008 | B9: Robo | C9: =INDEX(Pesos_Dimensiones!$B$2:$B$22,MATCH(B9,Pesos_Dimensiones!$A$2:$A$22,0)) | D9: Intención futura — indicador 4 (Racionalización de la sustracción como "no es robo real" cuando el dañ…) | E9: 6-Intención futura | F9: 0 | G9: 4 | H9: Inverso | I9: 0 | J9: =IF(H9="Inverso",G9-I9,I9) | K9: =IFERROR(J9/G9,0) | L9: R007 | M9: Si | N9: =INDEX(Pesos_Dimensiones!$C$2:$C$22,MATCH(B9,Pesos_Dimensiones!$A$2:$A$22,0)) | O9: =1/COUNTIF($B$2:$B$211,B9) | P9: =IF(OR(C9="Base",C9="Adicional"),N9*O9,0) | Q9: =K9*P9
A10: R009 | B10: Robo | C10: =INDEX(Pesos_Dimensiones!$B$2:$B$22,MATCH(B10,Pesos_Dimensiones!$A$2:$A$22,0)) | D10: Escenario/dilema — indicador 1 (Apropiación de bienes materiales ajenos (dinero, mercancía, insumos).) | E10: 4-Escenario/dilema | F10: 0 | G10: 3 | H10: Directo | I10: 0 | J10: =IF(H10="Inverso",G10-I10,I10) | K10: =IFERROR(J10/G10,0) | L10: R010 | M10: Si | N10: =INDEX(Pesos_Dimensiones!$C$2:$C$22,MATCH(B10,Pesos_Dimensiones!$A$2:$A$22,0)) | O10: =1/COUNTIF($B$2:$B$211,B10) | P10: =IF(OR(C10="Base",C10="Adicional"),N10*O10,0) | Q10: =K10*P10
A11: R010 | B11: Robo | C11: =INDEX(Pesos_Dimensiones!$B$2:$B$22,MATCH(B11,Pesos_Dimensiones!$A$2:$A$22,0)) | D11: Percepción de terceros — indicador 1 (Apropiación de bienes materiales ajenos (dinero, mercancía, insumos).) | E11: 2-Percepción de terceros | F11: 0 | G11: 3 | H11: Directo | I11: 0 | J11: =IF(H11="Inverso",G11-I11,I11) | K11: =IFERROR(J11/G11,0) | L11: R009 | M11: Si | N11: =INDEX(Pesos_Dimensiones!$C$2:$C$22,MATCH(B11,Pesos_Dimensiones!$A$2:$A$22,0)) | O11: =1/COUNTIF($B$2:$B$211,B11) | P11: =IF(OR(C11="Base",C11="Adicional"),N11*O11,0) | Q11: =K11*P11
A12: R011 | B12: Mentira | C12: =INDEX(Pesos_Dimensiones!$B$2:$B$22,MATCH(B12,Pesos_Dimensiones!$A$2:$A$22,0)) | D12: Opinión/Actitud — indicador 1 (Frecuencia declarada de afirmaciones falsas para evitar consecuencias …) | E12: 1-Opinión/Actitud | F12: 0 | G12: 4 | H12: Directo | I12: 0 | J12: =IF(H12="Inverso",G12-I12,I12) | K12: =IFERROR(J12/G12,0) | L12: R012 | M12: Si | N12: =INDEX(Pesos_Dimensiones!$C$2:$C$22,MATCH(B12,Pesos_Dimensiones!$A$2:$A$22,0)) | O12: =1/COUNTIF($B$2:$B$211,B12) | P12: =IF(OR(C12="Base",C12="Adicional"),N12*O12,0) | Q12: =K12*P12
A13: R012 | B13: Mentira | C13: =INDEX(Pesos_Dimensiones!$B$2:$B$22,MATCH(B13,Pesos_Dimensiones!$A$2:$A$22,0)) | D13: Intención futura — indicador 1 (Frecuencia declarada de afirmaciones falsas para evitar consecuencias …) | E13: 6-Intención futura | F13: 0 | G13: 4 | H13: Inverso | I13: 0 | J13: =IF(H13="Inverso",G13-I13,I13) | K13: =IFERROR(J13/G13,0) | L13: R011 | M13: Si | N13: =INDEX(Pesos_Dimensiones!$C$2:$C$22,MATCH(B13,Pesos_Dimensiones!$A$2:$A$22,0)) | O13: =1/COUNTIF($B$2:$B$211,B13) | P13: =IF(OR(C13="Base",C13="Adicional"),N13*O13,0) | Q13: =K13*P13
... A211: R210 | B211: Impunidad | C211: =INDEX(Pesos_Dimensiones!$B$2:$B$22,MATCH(B211,Pesos_Dimensiones!$A$2:$A$22,0)) | D211: Percepción de terceros — indicador 1 (Percepción declarada de baja probabilidad de ser descubierto al actuar…) | E211: 2-Percepción de terceros | F211: 0 | G211: 3 | H211: Directo | I211: 0 | J211: =IF(H211="Inverso",G211-I211,I211) | K211: =IFERROR(J211/G211,0) | L211: R209 | M211: Si | N211: =INDEX(Pesos_Dimensiones!$C$2:$C$22,MATCH(B211,Pesos_Dimensiones!$A$2:$A$22,0)) | O211: =1/COUNTIF($B$2:$B$211,B211) | P211: =IF(OR(C211="Base",C211="Adicional"),N211*O211,0) | Q211: =K211*P211

Sheet Pesos_Dimensiones
A1: Dimension | B1: Grupo | C1: Peso en el indice general (Base+Adicional, parametrizable, debe sumar 1.00) | D1: Peso como moderador (Contextual, parametrizable, informativo)
A2: Robo | B2: Base | C2: =1/12
A3: Mentira | B3: Base | C3: =1/12
A4: Fraude | B4: Base | C4: =1/12
A5: Irresponsabilidad | B5: Base | C5: =1/12
A6: Soborno | B6: Base | C6: =1/12
A7: Deslealtad | B7: Adicional | C7: =1/12
A8: Favoritismo | B8: Adicional | C8: =1/12
A9: Abuso de Recursos | B9: Adicional | C9: =1/12
A10: Acoso Sexual | B10: Adicional | C10: =1/12
A11: Maltrato Laboral | B11: Adicional | C11: =1/12
A12: Discriminación | B12: Adicional | C12: =1/12
A13: Asociación Criminal | B13: Adicional | C13: =1/12
A14: Sustancias Lícitas | B14: Contextual | D14: =1/9
A15: Sustancias Ilícitas | B15: Contextual | D15: =1/9
A16: Incumplimiento de Normas | B16: Contextual | D16: =1/9
A17: Deudas | B17: Contextual | D17: =1/9
A18: Impulsividad | B18: Contextual | D18: =1/9
A19: Violencia | B19: Contextual | D19: =1/9
A20: Ludopatía | B20: Contextual | D20: =1/9
A21: Egoísmo | B21: Contextual | D21: =1/9
A22: Impunidad | B22: Contextual | D22: =1/9
A23: SUMA (debe ser 1.00 en columna C si TODAS las Base+Adicionales estan seleccionadas) | C23: =SUM(C2:C22) | D23: =SUM(D2:D22)

Sheet Resumen_Dimensiones
A1: Dimension | B1: Grupo | C1: Promedio normalizado (0-1) del ejemplo cargado | D1: Peso de la dimension | E1: Contribucion al Indice General de Integridad (IGI) | F1: IGI reportado por dimension = (1-riesgo)x100x0.95 | G1: Invalidado (Si/No, input manual segun Fase 2 Seccion 5) | H1: Nivel (1-6, ver hoja Niveles_Corte) | I1: Color reportado
A2: Robo | B2: Base | C2: =AVERAGEIF(Reactivos!$B$2:$B$211,A2,Reactivos!$K$2:$K$211) | D2: =INDEX(Pesos_Dimensiones!$C$2:$C$22,MATCH(A2,Pesos_Dimensiones!$A$2:$A$22,0)) | E2: =IF(OR(B2="Base",B2="Adicional"),C2*D2,0) | F2: =(1-C2)*100*0.95 | G2: No | H2: [PENDIENTE DE DATO PILOTO] - asignar nivel 1-6 segun percentil real una vez exista la hoja Niveles_Corte completa | I2: =IF(G2="Si","Gris","Pendiente de nivel (ver columna H)")
A3: Mentira | B3: Base | C3: =AVERAGEIF(Reactivos!$B$2:$B$211,A3,Reactivos!$K$2:$K$211) | D3: =INDEX(Pesos_Dimensiones!$C$2:$C$22,MATCH(A3,Pesos_Dimensiones!$A$2:$A$22,0)) | E3: =IF(OR(B3="Base",B3="Adicional"),C3*D3,0) | F3: =(1-C3)*100*0.95 | G3: No | H3: [PENDIENTE DE DATO PILOTO] - asignar nivel 1-6 segun percentil real una vez exista la hoja Niveles_Corte completa | I3: =IF(G3="Si","Gris","Pendiente de nivel (ver columna H)")
A4: Fraude | B4: Base | C4: =AVERAGEIF(Reactivos!$B$2:$B$211,A4,Reactivos!$K$2:$K$211) | D4: =INDEX(Pesos_Dimensiones!$C$2:$C$22,MATCH(A4,Pesos_Dimensiones!$A$2:$A$22,0)) | E4: =IF(OR(B4="Base",B4="Adicional"),C4*D4,0) | F4: =(1-C4)*100*0.95 | G4: No | H4: [PENDIENTE DE DATO PILOTO] - asignar nivel 1-6 segun percentil real una vez exista la hoja Niveles_Corte completa | I4: =IF(G4="Si","Gris","Pendiente de nivel (ver columna H)")
A5: Irresponsabilidad | B5: Base | C5: =AVERAGEIF(Reactivos!$B$2:$B$211,A5,Reactivos!$K$2:$K$211) | D5: =INDEX(Pesos_Dimensiones!$C$2:$C$22,MATCH(A5,Pesos_Dimensiones!$A$2:$A$22,0)) | E5: =IF(OR(B5="Base",B5="Adicional"),C5*D5,0) | F5: =(1-C5)*100*0.95 | G5: No | H5: [PENDIENTE DE DATO PILOTO] - asignar nivel 1-6 segun percentil real una vez exista la hoja Niveles_Corte completa | I5: =IF(G5="Si","Gris","Pendiente de nivel (ver columna H)")
A6: Soborno | B6: Base | C6: =AVERAGEIF(Reactivos!$B$2:$B$211,A6,Reactivos!$K$2:$K$211) | D6: =INDEX(Pesos_Dimensiones!$C$2:$C$22,MATCH(A6,Pesos_Dimensiones!$A$2:$A$22,0)) | E6: =IF(OR(B6="Base",B6="Adicional"),C6*D6,0) | F6: =(1-C6)*100*0.95 | G6: No | H6: [PENDIENTE DE DATO PILOTO] - asignar nivel 1-6 segun percentil real una vez exista la hoja Niveles_Corte completa | I6: =IF(G6="Si","Gris","Pendiente de nivel (ver columna H)")
A7: Deslealtad | B7: Adicional | C7: =AVERAGEIF(Reactivos!$B$2:$B$211,A7,Reactivos!$K$2:$K$211) | D7: =INDEX(Pesos_Dimensiones!$C$2:$C$22,MATCH(A7,Pesos_Dimensiones!$A$2:$A$22,0)) | E7: =IF(OR(B7="Base",B7="Adicional"),C7*D7,0) | F7: =(1-C7)*100*0.95 | G7: No | H7: [PENDIENTE DE DATO PILOTO] - asignar nivel 1-6 segun percentil real una vez exista la hoja Niveles_Corte completa | I7: =IF(G7="Si","Gris","Pendiente de nivel (ver columna H)")
A8: Favoritismo | B8: Adicional | C8: =AVERAGEIF(Reactivos!$B$2:$B$211,A8,Reactivos!$K$2:$K$211) | D8: =INDEX(Pesos_Dimensiones!$C$2:$C$22,MATCH(A8,Pesos_Dimensiones!$A$2:$A$22,0)) | E8: =IF(OR(B8="Base",B8="Adicional"),C8*D8,0) | F8: =(1-C8)*100*0.95 | G8: No | H8: [PENDIENTE DE DATO PILOTO] - asignar nivel 1-6 segun percentil real una vez exista la hoja Niveles_Corte completa | I8: =IF(G8="Si","Gris","Pendiente de nivel (ver columna H)")
A9: Abuso de Recursos | B9: Adicional | C9: =AVERAGEIF(Reactivos!$B$2:$B$211,A9,Reactivos!$K$2:$K$211) | D9: =INDEX(Pesos_Dimensiones!$C$2:$C$22,MATCH(A9,Pesos_Dimensiones!$A$2:$A$22,0)) | E9: =IF(OR(B9="Base",B9="Adicional"),C9*D9,0) | F9: =(1-C9)*100*0.95 | G9: No | H9: [PENDIENTE DE DATO PILOTO] - asignar nivel 1-6 segun percentil real una vez exista la hoja Niveles_Corte completa | I9: =IF(G9="Si","Gris","Pendiente de nivel (ver columna H)")
A10: Acoso Sexual | B10: Adicional | C10: =AVERAGEIF(Reactivos!$B$2:$B$211,A10,Reactivos!$K$2:$K$211) | D10: =INDEX(Pesos_Dimensiones!$C$2:$C$22,MATCH(A10,Pesos_Dimensiones!$A$2:$A$22,0)) | E10: =IF(OR(B10="Base",B10="Adicional"),C10*D10,0) | F10: =(1-C10)*100*0.95 | G10: No | H10: [PENDIENTE DE DATO PILOTO] - asignar nivel 1-6 segun percentil real una vez exista la hoja Niveles_Corte completa | I10: =IF(G10="Si","Gris","Pendiente de nivel (ver columna H)")
A11: Maltrato Laboral | B11: Adicional | C11: =AVERAGEIF(Reactivos!$B$2:$B$211,A11,Reactivos!$K$2:$K$211) | D11: =INDEX(Pesos_Dimensiones!$C$2:$C$22,MATCH(A11,Pesos_Dimensiones!$A$2:$A$22,0)) | E11: =IF(OR(B11="Base",B11="Adicional"),C11*D11,0) | F11: =(1-C11)*100*0.95 | G11: No | H11: [PENDIENTE DE DATO PILOTO] - asignar nivel 1-6 segun percentil real una vez exista la hoja Niveles_Corte completa | I11: =IF(G11="Si","Gris","Pendiente de nivel (ver columna H)")
A12: Discriminación | B12: Adicional | C12: =AVERAGEIF(Reactivos!$B$2:$B$211,A12,Reactivos!$K$2:$K$211) | D12: =INDEX(Pesos_Dimensiones!$C$2:$C$22,MATCH(A12,Pesos_Dimensiones!$A$2:$A$22,0)) | E12: =IF(OR(B12="Base",B12="Adicional"),C12*D12,0) | F12: =(1-C12)*100*0.95 | G12: No | H12: [PENDIENTE DE DATO PILOTO] - asignar nivel 1-6 segun percentil real una vez exista la hoja Niveles_Corte completa | I12: =IF(G12="Si","Gris","Pendiente de nivel (ver columna H)")
A13: Asociación Criminal | B13: Adicional | C13: =AVERAGEIF(Reactivos!$B$2:$B$211,A13,Reactivos!$K$2:$K$211) | D13: =INDEX(Pesos_Dimensiones!$C$2:$C$22,MATCH(A13,Pesos_Dimensiones!$A$2:$A$22,0)) | E13: =IF(OR(B13="Base",B13="Adicional"),C13*D13,0) | F13: =(1-C13)*100*0.95 | G13: No | H13: [PENDIENTE DE DATO PILOTO] - asignar nivel 1-6 segun percentil real una vez exista la hoja Niveles_Corte completa | I13: =IF(G13="Si","Gris","Pendiente de nivel (ver columna H)")
... A22: Impunidad | B22: Contextual | C22: =AVERAGEIF(Reactivos!$B$2:$B$211,A22,Reactivos!$K$2:$K$211) | D22: =INDEX(Pesos_Dimensiones!$C$2:$C$22,MATCH(A22,Pesos_Dimensiones!$A$2:$A$22,0)) | E22: =IF(OR(B22="Base",B22="Adicional"),C22*D22,0) | F22: =(1-C22)*100*0.95 | G22: No | H22: [PENDIENTE DE DATO PILOTO] - asignar nivel 1-6 segun percentil real una vez exista la hoja Niveles_Corte completa | I22: =IF(G22="Si","Gris","Pendiente de nivel (ver columna H)")
A23: Puntaje de Riesgo Base - PRB (interno, suma de contribuciones de riesgo ponderadas; NO se reporta a nadie) | E23: =SUM(E2:E22)
A24: IGI REPORTADO (unico numero mostrado a la persona/empresa) = (1-PRB)x100x0.95 | F24: =(1-E23)*100*0.95 | G24: No | I24: =IF(G24="Si","Gris","Pendiente de nivel")

Sheet Niveles_Corte
A1: Nivel | B1: Etiqueta | C1: Percentil_min | D1: Percentil_max | E1: Color (semaforo)
A2: 1 | B2: Integridad Muy Baja | C2: 0.0 [PROVISIONAL] | D2: 15.83 [PROVISIONAL] | E2: Rojo
A3: 2 | B3: Integridad Baja | C3: 15.83 [PROVISIONAL] | D3: 31.67 [PROVISIONAL] | E3: Rojo
A4: 3 | B4: Integridad Moderada-Baja | C4: 31.67 [PROVISIONAL] | D4: 47.5 [PROVISIONAL] | E4: Amarillo
A5: 4 | B5: Integridad Moderada-Alta | C5: 47.5 [PROVISIONAL] | D5: 63.33 [PROVISIONAL] | E5: Amarillo
A6: 5 | B6: Integridad Alta | C6: 63.33 [PROVISIONAL] | D6: 79.17 [PROVISIONAL] | E6: Verde
A7: 6 | B7: Integridad Muy Alta | C7: 79.17 [PROVISIONAL] | D7: 95.0 [PROVISIONAL] | E7: Verde
A9: [2026-09-15] Los valores de las columnas C y D son PROVISIONALES: sextiles matematicos de la escala 0-95 del IGI (95/6 ~= 15.83 puntos por nivel), usados unicamente para tener un prototipo funcional mientras no exista muestra piloto - NO son percentiles reales de una poblacion y NO deben presentarse a ninguna persona ni empresa como una norma valida (DECISIONS.md, 'Reglas de trabajo permanentes': no inventar normas ficticias). En cuanto exista la muestra piloto (Fase 8-9), estos 12 valores se reemplazan por los percentiles reales calculados sobre esa muestra (Baremo General y, mas adelante, por pais - DECISIONS.md punto 39), y la etiqueta '[PROVISIONAL]' desaparece. El IGI es 'mas alto = mejor' (DECISIONS.md punto 19): Nivel 1 = el IGI mas bajo (mayor riesgo), Nivel 6 = el IGI mas alto (mayor integridad). El semaforo (columna E) agrupa Nivel 1-2=Rojo, 3-4=Amarillo, 5-6=Verde (DECISIONS.md punto 22), y es independiente de la invalidacion: un resultado invalidado siempre se muestra en Gris sin importar su nivel (Fase 6 Modelo de Calculo, Seccion 10).

Sheet SEM_IC
A1: Error estandar de medicion (SEM) e intervalo de confianza del 95% del IGI
A2: Concepto | B2: Valor / formula
A3: IGI reportado (tomado de Resumen_Dimensiones, celda F24) | B3: =Resumen_Dimensiones!F24
A4: Confiabilidad_IGI (Omega de McDonald sobre las dimensiones Nucleo; Alfa de Cronbach como referencia secundaria - DECISIONS.md punto 30) | B4: [PENDIENTE DE DATO PILOTO]
A5: DesviacionEstandar_muestra_referencia (de la muestra piloto real, Fase 8-9) | B5: [PENDIENTE DE DATO PILOTO]
A6: SEM = DesviacionEstandar_muestra_referencia x RAIZ(1 - Confiabilidad_IGI) | B6: [PENDIENTE DE DATO PILOTO]
A7: IC_95% inferior = IGI_reportado - 1.96 x SEM | B7: [PENDIENTE DE DATO PILOTO]
A8: IC_95% superior = IGI_reportado + 1.96 x SEM | B8: [PENDIENTE DE DATO PILOTO]
A11: Las celdas B5-B8 quedan en [PENDIENTE DE DATO PILOTO] porque Confiabilidad_IGI y DesviacionEstandar_muestra_referencia son datos empiricos que todavia no existen (dependen de la muestra piloto de la Fase 8-9), conforme a la regla ya vigente en DECISIONS.md de no inventar estadisticas reales (ver Fase 6 Modelo de Calculo, Seccion 9). Una vez exista el dato piloto, las celdas B5-B8 deben reemplazarse por formulas reales (B5 = B4*RAIZ(1-B3), B6 = B4-1.96*B5, B7 = B4+1.96*B5) y todo reporte (B2C y B2B) debe mostrar el IGI junto con este intervalo, no solo el numero puntual.

Sheet Deseabilidad_Social
A1: Escala de Deseabilidad Social - 5o indicador de validez del protocolo (NO entra al IGI ni a ninguna dimension)
A3: ID | B3: Pregunta (variante base) | C3: Respuesta (0-4, editable, ejemplo) | D3: Endosado (1 si Respuesta>=3, es decir 'De acuerdo' o 'Totalmente de acuerdo')
A4: DS01 | B4: ¿Qué tan de acuerdo estás con la siguiente idea: "Nunca he sentido envidia de otra persona, ni siquiera un poco"? | C4: 0 | D4: =IF(C4>=3,1,0)
A5: DS02 | B5: ¿Qué tan de acuerdo estás con la siguiente idea: "Jamás en mi vida he dicho una mentira, ni siquiera una mentira piadosa para no herir a alguien"? | C5: 0 | D5: =IF(C5>=3,1,0)
A6: DS03 | B6: ¿Qué tan de acuerdo estás con la siguiente idea: "Siempre cumplo absolutamente todas mis promesas, sin ninguna excepción, sin importar las circunstancias"? | C6: 0 | D6: =IF(C6>=3,1,0)
A7: DS04 | B7: ¿Qué tan de acuerdo estás con la siguiente idea: "Nunca he tomado, ni una sola vez en mi vida, algo que no fuera mío, así fuera de mínimo valor"? | C7: 0 | D7: =IF(C7>=3,1,0)
A8: DS05 | B8: ¿Qué tan de acuerdo estás con la siguiente idea: "Jamás he sentido rabia o resentimiento hacia otra persona, sin importar lo que esa persona haya hecho"? | C8: 0 | D8: =IF(C8>=3,1,0)
A9: DS06 | B9: ¿Qué tan de acuerdo estás con la siguiente idea: "Nunca he criticado a otra persona a sus espaldas, ni una sola vez en mi vida"? | C9: 0 | D9: =IF(C9>=3,1,0)
A10: DS07 | B10: ¿Qué tan de acuerdo estás con la siguiente idea: "Siempre digo exactamente lo que pienso, sin filtrar nada, en cualquier situación, sin excepción"? | C10: 0 | D10: =IF(C10>=3,1,0)
A11: DS08 | B11: ¿Qué tan de acuerdo estás con la siguiente idea: "Jamás me he aprovechado de una situación, ni una sola vez, aunque nadie se fuera a enterar"? | C11: 0 | D11: =IF(C11>=3,1,0)
B12: Total de reactivos endosados ('De acuerdo'/'Totalmente de acuerdo') | D12: =SUM(D4:D11)
B13: Bandera de manejo de impresion (>=6 de 8 => 'manejo de impresion alto') | D13: =IF(D12>=6,"SI - manejo de impresion alto","No")
A15: 6 o más de los 8 reactivos endosados en 'De acuerdo' o 'Totalmente de acuerdo' (valor 3 o 4) => manejo de impresión alto: el IGI se sigue calculando y mostrando con su valor real, en color gris, con advertencia visible (igual que los otros 4 indicadores, punto 23). Nunca se excluye ni se recalcula.

Sheet Azarosidad_Control
A1: Reactivos de control de Azarosidad - 1er indicador de validez del protocolo (NO entra al IGI ni a ninguna dimension)
A3: ID | B3: Mecanismo | C3: Pregunta (variante base) | D3: Opcion objetivo (unica correcta) | E3: Respuesta marcada (editable, ejemplo) | F3: Correcto (1 si coincide con el objetivo)
A4: CTRL01 | B4: instrucción embebida | C4: Este reactivo es un control de atención, no evalúa tu opinión: para continuar, selecciona la opción "De acuerdo" en la escala que aparece a continuación. | D4: De acuerdo | E4: De acuerdo | F4: =IF(E4=D4,1,0)
A5: CTRL02 | B5: instrucción embebida | C5: Reactivo de control de atención: selecciona la opción "Rara vez" para confirmar que sigues leyendo cada pregunta con cuidado. | D5: Rara vez | E5: Rara vez | F5: =IF(E5=D5,1,0)
A6: CTRL03 | B6: instrucción embebida | C6: Este reactivo no describe una situación real: es un control de calidad de tus respuestas. Selecciona la opción "Poco probable". | D6: Poco probable | E6: Poco probable | F6: =IF(E6=D6,1,0)
A7: CTRL04 | B7: instrucción embebida | C7: Control de atención: para continuar, selecciona la opción "Ninguna vez" en la siguiente escala, sin importar tu historial real. | D7: Ninguna vez | E7: Ninguna vez | F7: =IF(E7=D7,1,0)
A8: CTRL05 | B8: trivia obvia | C8: ¿En qué continente se encuentra Ecuador? | D8: América | E8: América | F8: =IF(E8=D8,1,0)
A9: CTRL06 | B9: trivia obvia | C9: ¿De qué color es el cielo en un día despejado, sin nubes? | D9: Azul | E9: Azul | F9: =IF(E9=D9,1,0)
B10: Total de reactivos de control fallados (de los aplicados en esta bateria) | F10: =COUNTIF(F4:F9,0)
B11: Bandera de invalidacion por Azarosidad (1 fallo = alerta interna; 2 o mas = invalidacion total del protocolo) | F11: =IF(F10>=2,"SI - invalidacion total",IF(F10=1,"Alerta interna (sin invalidar)","No"))
A13: Esta bateria de ejemplo precarga las 6 filas (CTRL01-CTRL06, columna 'Mecanismo' distingue instruccion embebida de trivia obvia); la cantidad real de controles a aplicar depende del tamano de la bateria (2 en B2C de 50 reactivos, 4 en baterias intermedias, 6 en la bateria completa de 210, siempre al menos 1 de cada mecanismo - ver azarosidad_control_data.json y Fase 2 Seccion 5.1bis). Fallar (no marcar la opción objetivo/correcta) 1 de los reactivos de control aplicados genera una alerta interna, sin invalidar el resultado. Fallar 2 o más se marca como invalidación total del protocolo (mismo tratamiento visual que los otros indicadores: el IGI y cada Puntaje_dimensión se siguen calculando y mostrando con su valor real, en color gris, con advertencia visible — Fase 6, Sección 11).

Sheet Notas
A1: Fase 6 — Matriz de Scoring — Notas y convenciones (Version 4, 21 dimensiones x 10 reactivos)
A3: 0. [2026-09-10] Banco vigente: 210 reactivos (21 dimensiones x 10 reactivos c/u, 5 pares espejo por dimension), conforme a DECISIONS.md punto 28 (reemplaza la Version 2 de 75 reactivos y la Version 3 de 123 reactivos, nunca llegadas a implementar por completo). Las hojas 'Reactivos', 'Pesos_Dimensiones' y 'Resumen_Dimensiones' se generan automaticamente desde reactivos_flat.json (210 filas).
A5: 1. Esta matriz reemplaza integramente la version v1 (20 dimensiones, 80 reactivos), la v2 (21 dimensiones, 75 reactivos) y la v3 (123 reactivos, nunca cerrada). La formula, la mecanica de columnas y el nombre de las hojas se mantienen; lo que cambia en esta version es el numero de reactivos por dimension (10 en las 21 dimensiones, incluidas las Contextuales, que ahora tambien tienen 5 pares espejo completos), mas el tope del 95%, los niveles de corte/semaforo en orientacion de integridad, y la correccion del tratamiento de invalidacion (ver Fase6_Modelo_Calculo.docx, Secciones 7-10).
A7: 2. Hoja 'Reactivos': una fila por cada uno de los 210 reactivos. La columna C (Grupo) se trae automaticamente desde 'Pesos_Dimensiones' segun el nombre de la dimension en la columna B. La columna J (Valor transformado) aplica la regla de direccionalidad (Fase 6, Modelo de Calculo, Paso 1): si el reactivo es Inverso, Valor_max menos la respuesta cruda; si es Directo, la respuesta cruda tal cual. La columna K normaliza ese valor a una escala 0-1 dividiendo entre el Valor_max del reactivo; K siempre queda en orientacion de RIESGO (0 = respuesta de menor riesgo, 1 = respuesta de mayor riesgo), independientemente de la direccion del reactivo.
A9: 3. Columna P (Contribucion maxima al indice general): solo los reactivos de dimensiones con Grupo 'Base' o 'Adicional' contribuyen al Puntaje de Riesgo Base (PRB); los reactivos de dimensiones 'Contextual' siempre devuelven 0 en esta columna, conforme a DECISIONS.md (las Factores Contextuales NUNCA entran al IGI, aunque desde la Version 4 si tienen el mismo numero de reactivos y pares espejo que el Nucleo).
A11: 4. Hoja 'Pesos_Dimensiones': el peso de cada dimension Base/Adicional es parametrizable en la columna C; esta version de partida asigna peso igual (1/12) a las 12 dimensiones Nucleo (5 Base + 7 Adicionales), bajo el supuesto [HIPOTESIS] de que no hay evidencia empirica aun que justifique ponderar una mas que otra (ver Fase 6, Modelo de Calculo, Seccion 5). Debe recalibrarse con los resultados del analisis factorial de la Fase 9.
A13: 5. IMPORTANTE - configuracion por puesto: esta matriz de partida asume que las 12 dimensiones Nucleo (5 Base + 7 Adicionales) estan TODAS seleccionadas para la bateria, por lo que sus 12 pesos suman 1.00. Al configurar una bateria real para un puesto especifico (que casi siempre usara la Base obligatoria + solo ALGUNAS Adicionales, ver DECISIONS.md 'Regla de configuracion por puesto'), se deben: (a) dejar en la hoja 'Reactivos' unicamente las filas de las dimensiones seleccionadas para esa bateria, y (b) re-parametrizar los pesos de la hoja 'Pesos_Dimensiones' para que las dimensiones Nucleo seleccionadas (y solo esas) sumen 1.00 en la columna C.
A15: 6. Hoja 'Resumen_Dimensiones': calcula el promedio normalizado (0-1, orientacion de RIESGO) de cada dimension a partir de las respuestas cargadas en 'Reactivos', y consolida el Puntaje de Riesgo Base (PRB, suma de las contribuciones Base+Adicional; valor INTERNO, nunca se muestra a nadie). El IGI reportado, columna F, es su complemento: IGI = (1-PRB)x100x0.95 (DECISIONS.md punto 19). El concepto de 'IIC' que existia en la Version 2/3 queda retirado como indice aparte: el IGI ya es, en si mismo, ese numero orientado a integridad, y es el UNICO numero que se muestra tanto en la capa gratuita B2C como en la de pago B2B (Fase 7 y Fase 10).
A17: 7. Los valores de respuesta cruda (columna I de 'Reactivos') vienen precargados en 0 (la respuesta de menor riesgo de cada reactivo); son completamente editables para simular un caso o cargar datos reales de una aplicacion.
A19: 8. [DESCONOCIDO] Esta matriz no incorpora todavia los primeros 4 indicadores de validez del protocolo (Azarosidad, Omision, Aquiescencia, Contradiccion, definidos en la Fase 2) como columnas de calculo automatico; se documentan en prosa en Fase6_Modelo_Calculo.docx y se ilustran manualmente en el ejemplo de la Fase 7. Automatizarlos como formulas de esta misma hoja es una mejora sugerida para una iteracion futura del archivo, una vez exista una interfaz real de aplicacion del test.
A21: 9. [PENDIENTE] El multiplicador de nivel de exigencia por jerarquia de puesto (DECISIONS.md punto 27, que se aplica sobre el PRB antes de calcular el IGI) todavia no esta parametrizado como formula en esta hoja; su tabla completa de valores vive en CONFIDENCIAL_Formulas_Calculo_IGI.docx. Automatizarlo aqui (con un selector de nivel 1-6 y de 'tiene personal a cargo') queda como mejora pendiente para una proxima iteracion de este archivo.
A23: 10. [2026-09-11] Hoja 'SEM_IC' (DECISIONS.md punto 32, Fase 6 Modelo de Calculo Seccion 9): toma el IGI reportado directamente de 'Resumen_Dimensiones' y deja las celdas de Confiabilidad_IGI, DesviacionEstandar_muestra_referencia, SEM e IC_95% en [PENDIENTE DE DATO PILOTO] hasta que exista la muestra real de la Fase 8-9; las formulas ya estan documentadas en la propia hoja para completarlas ese dia sin rediseno.
... A30: 14. [2026-09-15] Reactivos alternativos de opciones concretas (op1_alt/op2_alt/perc1_alt x 21 dimensiones, reactivos_alternativos_data.json) y bloque de bio-data (6 reactivos, biodata_data.json) documentados en Fase 2 Seccion 9; ninguno de los dos cambia esta matriz de scoring (los alternativos preservan el mismo indicador/direccion/par espejo que el reactivo clasico al que reemplazan opcionalmente, y la bio-data es puramente informativa, sin puntaje).
